Question_no,Question_text,Option1,Option2,Option3,Option4
1,What is the primary reason you chose to be in a long-distance relationship?,The thrill of adventure,Career opportunities,Strong emotional connection,Family commitments
2,What do you believe is the most rewarding aspect of our relationship?,The deep conversations we have,The excitement of reunions,The independence we maintain,Our ability to communicate effectively
3,If we were living in the same city how do you think our relationship dynamics would change?,We would spend more quality time together,We would have more conflicts,It would feel less special,Nothing would change
4,What do you think is the biggest challenge we face in our long-distance relationship?,Trust issues,Miscommunication,Lack of physical intimacy,Scheduling time to talk
5,What factor do you believe makes our long-distance relationship worthwhile?,The ability to focus on personal growth,The unique experiences we share,The gratitude we feel during visits,Our commitment to each other
6,What is the most significant potential pitfall you believe you might encounter in long-distance dating?,Lack of communication and misunderstandings,Too much reliance on technology for interaction,Difficulty in maintaining emotional intimacy,Jealousy over each other’s social interactions
7,How would your relationship dynamics change if you and your partner lived in the same city?,We would spend more quality time together,We would have less need to communicate,Our arguments would become more frequent,We would feel more relaxed and comfortable with each other
8,What is the best part of your long-distance relationship?,The excitement of planning visits,The opportunity for self-growth and independence,The ability to communicate deeply,The novelty of long-distance challenges
9,What would make the circumstances of your long-distance relationship easier?,More frequent visits,Better communication tools,Clearer expectations and boundaries,Support from family and friends
10,What is the most significant potential pitfall you believe you might encounter in long-distance dating?,Miscommunication due to lack of physical presence,Difficulty in planning visits,Growing apart over time,Decreased interest in the relationship
11,What is the most significant potential pitfall you believe you might encounter in long-distance dating?,Miscommunication,Lack of trust,Financial strain,Inability to meet regularly
12,What is the most significant potential pitfall you believe you might encounter in long-distance dating?,Miscommunication due to time zones,Losing interest over time,Difficulty in planning visits,Jealousy from lack of physical presence
13,What is the best part of your long-distance relationship?,The excitement of planning visits,Having more personal space,Constant communication via technology,Discovering new things about each other
14,Would your interest in your current relationship change if your partner lived in your city?,"Yes, it would deepen our connection","No, I prefer the way it is now","Yes, I would feel more pressured","No, I think it would stay the same"
15,What would make your long-distance relationship easier?,More frequent communication,Understanding family support,Shared financial resources for visits,Planning activities together
16,What is the most significant potential pitfall in long-distance dating?,Lack of physical intimacy,Miscommunication,Feeling isolated,Loss of excitement over time
17,How does living apart impact your relationship dynamics?,It makes us appreciate each other more,It creates unnecessary tension,We become more independent,It leads to misunderstandings
18,What is the most significant potential pitfall you believe you might encounter in long-distance dating?,Miscommunication due to time zone differences,Lack of physical intimacy,Feeling disconnected from daily life,Difficulty in planning visits
19,Would you be interested in your current relationship if your partner lived in your city?,"Yes, but only if we had a strong foundation","Maybe, depending on how often we would see each other","Absolutely, I would love being closer","No, I prefer the excitement of long-distance"
20,What is the best part of your relationship?,Constant communication and updates,The excitement of planned visits,Trust built between us,Learning to appreciate each other more
21,What would make the circumstances of your long-distance relationship easier?,Regular video calls,More frequent visits,Clearer communication about feelings,Setting future goals together
22,What would be different about your relationship if you and your partner lived in the same city?,More spontaneous dates,Less pressure to communicate,Potential for new shared experiences,Greater understanding of each other's daily lives
23,What is the most significant potential pitfall you believe you might encounter in long-distance dating?,Lack of physical intimacy,Miscommunication due to distance,Temptation to cheat,Feeling isolated or neglected
24,What is one significant potential pitfall you believe you might encounter in long-distance dating?,Miscommunication due to lack of face-to-face interaction,Inability to maintain daily contact,Difficulty in planning visits,Feeling disconnected from each other's lives
25,What is the best part of being in a long-distance relationship?,Having more personal space,Increased communication,Experiencing new places together,Frequent surprises during visits
26,What is the most significant potential pitfall you believe you might encounter in long-distance dating?,Lack of physical intimacy,Miscommunication due to distance,Difficulty in maintaining trust,Limited shared experiences
27,What is the most significant potential pitfall you believe you might encounter in long-distance dating?,A) Miscommunication due to time zone differences,B) Losing intimacy over time,C) Difficulty in planning visits,D) Struggles with trust and jealousy
28,What is the most significant potential pitfall you believe you might encounter in long-distance dating?,Lack of trust and communication,Inability to travel frequently,Growing apart emotionally,Misunderstandings due to distance.
29,What is the most significant potential pitfall you believe you might encounter in long distance dating?,Lack of communication,Misunderstandings due to distance,Changes in personal interests,Difficulty in planning visits
30,What do you believe is the most significant reason for the success of our long-distance relationship?,Our ability to communicate openly and honestly,The excitement of planning visits and surprises,The trust we have in each other,The shared goals we have for the future
31,What is the most significant potential pitfall you believe you might encounter in long-distance dating? ,Miscommunication due to lack of physical presence,Losing interest in the relationship over time,Difficulty in making future plans together,Increased jealousy or insecurity about each other's lives
32,What do you think is the most important factor for maintaining strong communication in a long-distance relationship?,Regular video calls,Sharing daily experiences,Setting goals for the future,Being honest about feelings.
33,How do you think our communication has evolved over time in our long-distance relationship?,It has become more open and honest,We communicate less than we used to,It has remained about the same,We only communicate when necessary.
34,What do you think is the most important aspect to discuss in a long-distance relationship?,A) Our future plans together,B) Our individual day-to-day experiences,C) Our friends and family dynamics,D) The geographical distance itself
35,What do you think is the most crucial topic for us to discuss regularly in our long-distance relationship?,Future plans and goals,Daily experiences and feelings,Trust and reassurance,Hobbies and interests.
36,How do you perceive our long-distance relationship has impacted our personal growth?,It has encouraged us to become more independent individuals,It has made us more dependent on each other,It has had no impact on our personal growth,It has created feelings of loneliness and isolation
37,What is a challenge that can arise in a long-distance relationship?,Miscommunication due to time zone differences,Lack of shared experiences,Difficulty in maintaining intimacy,Increased reliance on technology for communication
38,What do you think is the most valuable lesson we have learned together in our long-distance relationship?,The importance of trust and honesty,How to effectively manage our time apart,The significance of maintaining open communication,Finding creative ways to stay connected and share experiences.
39,What do you think is the greatest advantage of maintaining a long-distance relationship?,A) It allows for more personal growth and independence,B) It provides opportunities for travel and new experiences,C) It helps improve communication skills between partners,D) It creates excitement and anticipation for future reunions.
40,What do you believe is the most important lesson we have learned from our long-distance relationship?,The value of trust and honesty,The significance of sharing experiences despite distance,The importance of regular communication,How to manage expectations and disappointments.
41,What do you think is the most valuable communication method in our long-distance relationship?,Daily video calls to stay connected,Text messages for quick updates,Handwritten letters for personal touch,Sharing a mutual playlist to express feelings
42,What do you think is the most challenging aspect of maintaining a long-distance relationship?,Difficulty in establishing physical intimacy,Challenges in managing time zones for communication,The lack of shared daily experiences,Feeling disconnected from each other's lives.
43,What do you find most challenging about maintaining our long-distance relationship?,The lack of physical intimacy,Miscommunication due to distance,Finding time for regular conversations,Feeling disconnected from daily life events
